{"cameraMode":{"drawMode":0,"name":"Shaded","section":"Shading Mode"},"sceneLighting":true,"audioPlay":false,"sceneViewState":{"showFog":true,"showMaterialUpdate":false,"showSkybox":true,"showFlares":true,"showImageEffects":true,"showParticleSystems":true},"in2DMode":false,"pivot":{"x":-115.76698303222656,"y":4.187720775604248,"z":-145.89918518066407},"rotation":{"x":-0.015170401893556118,"y":-0.9834357500076294,"z":0.09857144206762314,"w":-0.1513526439666748},"size":13.765165328979493,"orthographic":true}